GENART;LDATE;LKZ;DLNR;DLNRBEZ;QTY_POS
402;"2026/2";"Germany";101;"FEBI BILSTEIN";17939
402;"2026/2";"Germany";6983;"ProfiPower";378
402;"2026/2";"Nordic";4587;"DANAHER";65
402;"2026/2";"West Europe";65;"BREMBO";1288
402;"2026/2";"West Europe";144;"MEYLE";2799
402;"2026/2";"West Europe";161;"TRW";3193
402;"2026/2";"West Europe";4821;"QUARO";5551
402;"2026/2";"West Europe";30;"BOSCH";722
402;"2026/2";"ROW";30;"BOSCH";2759
402;"2026/2";"ROW";39;"TEXTAR";10
402;"2026/2";"Croatia";101;"FEBI BILSTEIN";111
402;"2026/2";"Croatia";156;"JAPANPARTS";2704
402;"2026/2";"Portugal";65;"BREMBO";7987
402;"2026/2";"Germany";185;"KAMOKA";297
402;"2026/2";"Germany";12;"PAGID";47
402;"2026/2";"Austria";350;"BLUE PRINT";228
402;"2026/2";"SEE";421;"COMLINE";1639
402;"2026/2";"Austria";86;"ZIMMERMANN";17948
402;"2026/2";"B";39;"TEXTAR";5141
402;"2026/2";"N";403;"MAXGEAR";8273
402;"2026/2";"EEU";3;"ATE";3939
402;"2026/2";"Slovenia";161;"TRW";6546
402;"2026/2";"Other";30;"BOSCH";1859
402;"2026/2";"Other";2728;"ORIGINAL Schäferbarthold";192
402;"2026/2";"Switzerland";4546;"KRAFT AUTOMOTIVE";1
402;"2026/2";"West Europe";89;"DELPHI";16
402;"2026/2";"N";144;"MEYLE";2650
402;"2026/2";"N";350;"BLUE PRINT";245
402;"2026/2";"Croatia";21;"VALEO";506
402;"2026/2";"Balkan";421;"COMLINE";35
402;"2026/2";"Balkan";153;"REMSA";46
402;"2026/2";"Balkan";3;"ATE";3076
402;"2026/2";"B";161;"TRW";11170
402;"2026/2";"B";65;"BREMBO";2635
402;"2026/2";"West Europe";206;"A.B.S.";243
402;"2026/2";"Serbia";3;"ATE";6748
402;"2026/2";"Portugal";2;"HELLA";52
402;"2026/2";"Slovenia";30;"BOSCH";665
402;"2026/2";"EEU";161;"TRW";95
402;"2026/2";"ROW";101;"FEBI BILSTEIN";4
402;"2026/2";"Austria";6984;"Oyodo";8
402;"2026/2";"Romania";3;"ATE";11998
402;"2026/2";"Slovenia";55;"HERTH+BUSS JAKOPARTS";23
402;"2026/2";"West Europe";95;"MAGNETI MARELLI";16
402;"2026/2";"Other";144;"MEYLE";62
402;"2026/2";"Other";4821;"QUARO";19
402;"2026/2";"ROW";3;"ATE";313
402;"2026/2";"Portugal";48;"JURID";22
402;"2026/2";"Balkan";144;"MEYLE";1335
402;"2026/2";"Balkan";161;"TRW";4671
402;"2026/2";"SEE";22;"WABCO";7
402;"2026/2";"EEU";50;"SKF";5
402;"2026/2";"SEE";185;"KAMOKA";4
402;"2026/2";"West Europe";121;"METELLI";75
402;"2026/2";"Nordic";156;"JAPANPARTS";11
402;"2026/2";"Nordic";409;"FREMAX";17
402;"2026/2";"Croatia";206;"A.B.S.";78
402;"2026/2";"Serbia";144;"MEYLE";104
402;"2026/2";"West Europe";30;"BOSCH";4485
402;"2026/2";"West Europe";89;"DELPHI";3
402;"2026/2";"Austria";127;"NK";49
402;"2026/2";"Other";144;"MEYLE";11
402;"2026/2";"Spain";73;"MINTEX";2
402;"2026/2";"Nordic";4821;"QUARO";141
402;"2026/2";"B";6473;"NAPA";310
402;"2026/2";"Slovenia";101;"FEBI BILSTEIN";194
402;"2026/2";"Other";4821;"QUARO";16
402;"2026/2";"ROW";343;"SAMKO";7
402;"2026/2";"ROW";12;"PAGID";13
402;"2026/2";"Spain";151;"SWAG";140
402;"2026/2";"Other";144;"MEYLE";6
402;"2026/2";"Balkan";2;"HELLA";20
402;"2026/2";"Slovenia";2;"HELLA";15
402;"2026/2";"SEE";39;"TEXTAR";72
402;"2026/2";"West Europe";89;"DELPHI";132
402;"2026/2";"Nordic";403;"MAXGEAR";303
402;"2026/2";"Spain";153;"REMSA";1
402;"2026/2";"Nordic";2728;"ORIGINAL Schäferbarthold";20
402;"2026/2";"Portugal";55;"HERTH+BUSS JAKOPARTS";370
402;"2026/2";"Nordic";403;"MAXGEAR";89
402;"2026/2";"Austria";48;"JURID";6214
402;"2026/2";"Austria";301;"TOPRAN";5
402;"2026/2";"B";156;"JAPANPARTS";24
402;"2026/2";"West Europe";4821;"QUARO";5
402;"2026/2";"Croatia";43;"CHAMPION";154
402;"2026/2";"Austria";248;"NIPPARTS";8
402;"2026/2";"Other";30;"BOSCH";8
402;"2026/2";"West Europe";4821;"QUARO";26
402;"2026/2";"Other";30;"BOSCH";9
402;"2026/2";"West Europe";197;"LPR";5
402;"2026/2";"Austria";55;"HERTH+BUSS JAKOPARTS";2166
402;"2026/2";"ROW";158;"ICER";2
402;"2026/2";"Other";62;"FERODO";18
402;"2026/2";"Switzerland";6995;"Professional Parts";1
402;"2026/2";"Switzerland";55;"HERTH+BUSS JAKOPARTS";92
402;"2026/2";"Other";156;"JAPANPARTS";22
402;"2026/2";"SEE";144;"MEYLE";71
402;"2026/2";"Other";144;"MEYLE";3
402;"2026/2";"Croatia";55;"HERTH+BUSS JAKOPARTS";2
402;"2026/2";"SEE";311;"CIFAM";40
402;"2026/2";"SEE";121;"METELLI";3
402;"2026/2";"West Europe";2112;"OE-FIT Schäferbarthold";4
402;"2026/2";"Other";57;"QUINTON HAZELL";6
402;"2026/2";"Nordic";144;"MEYLE";98
402;"2026/2";"Other";4821;"QUARO";1
402;"2026/2";"Nordic";161;"TRW";31
402;"2026/2";"Nordic";421;"COMLINE";5
402;"2026/2";"Austria";4986;"FERODO RACING";4
402;"2026/2";"Nordic";89;"DELPHI";479
402;"2026/2";"SEE";89;"DELPHI";1
402;"2026/2";"SEE";30;"BOSCH";5
402;"2026/2";"Balkan";65;"BREMBO";10354
402;"2026/2";"Spain";62;"FERODO";257
402;"2026/2";"Croatia";152;"ROADHOUSE";5
402;"2026/2";"Other";55;"HERTH+BUSS JAKOPARTS";2
402;"2026/2";"West Europe";186;"DENCKERMANN";19
402;"2026/2";"Balkan";301;"TOPRAN";4
402;"2026/2";"N";6983;"ProfiPower";1
402;"2026/2";"West Europe";278;"DON";3
402;"2026/2";"Croatia";6984;"Oyodo";1
402;"2026/2";"EEU";101;"FEBI BILSTEIN";12
402;"2026/2";"Other";409;"FREMAX";2
402;"2026/2";"Balkan";201;"KAVO PARTS";1
402;"2026/2";"Other";62;"FERODO";3
402;"2026/2";"SEE";4821;"QUARO";1
402;"2026/2";"Other";144;"MEYLE";2
402;"2026/2";"West Europe";65;"BREMBO";176
402;"2026/2";"SEE";2789;"NAPA Germany";1
402;"2026/2";"ROW";4546;"KRAFT AUTOMOTIVE";1
402;"2026/2";"Germany";5377;"MOTRIO";1
402;"2026/2";"Balkan";4426;"ABE";1
402;"2026/2";"Other";197;"LPR";5
402;"2026/2";"Other";144;"MEYLE";1
402;"2026/2";"Other";101;"FEBI BILSTEIN";2
402;"2026/2";"SEE";350;"BLUE PRINT";1
402;"2026/2";"Switzerland";2112;"OE-FIT Schäferbarthold";4
402;"2026/2";"Serbia";186;"DENCKERMANN";156
402;"2026/2";"West Europe";4537;"APEC";324
402;"2026/2";"Switzerland";4373;"BENDIX Braking";314
402;"2026/2";"Portugal";197;"LPR";367
402;"2026/2";"Balkan";201;"KAVO PARTS";4
402;"2026/2";"Croatia";481;"JAPKO";324
402;"2026/2";"Serbia";151;"SWAG";273
402;"2026/2";"Serbia";481;"JAPKO";1234
402;"2026/2";"Other";421;"COMLINE";2588
402;"2026/2";"Serbia";311;"CIFAM";545
402;"2026/2";"Romania";278;"DON";4
402;"2026/2";"Switzerland";158;"ICER";121
402;"2026/2";"Croatia";4675;"STARLINE";4
402;"2026/2";"Romania";121;"METELLI";3
402;"2026/2";"Other";161;"TRW";60
402;"2026/2";"West Europe";4426;"ABE";2
402;"2026/2";"Germany";3809;"KNORR-BREMSE";1346
402;"2026/2";"SEE";158;"ICER";3
402;"2026/2";"N";3809;"KNORR-BREMSE";5
402;"2026/2";"Other";129;"OPTIMAL";22
402;"2026/2";"Balkan";317;"AKRON-MALÒ";4
402;"2026/2";"West Europe";4948;"Dr!ve+";1
402;"2026/2";"Austria";4975;"AP XENERGY";9
402;"2026/2";"N";4373;"BENDIX Braking";3
402;"2026/2";"Balkan";248;"NIPPARTS";6
402;"2026/2";"EEU";65;"BREMBO";4
402;"2026/2";"West Europe";4657;"ABAKUS";3
402;"2026/2";"Switzerland";2;"HELLA";5
402;"2026/2";"N";249;"MGA";1
402;"2026/2";"West Europe";278;"DON";6
402;"2026/2";"Balkan";4938;"FAST";1
402;"2026/2";"Other";65;"BREMBO";2
402;"2026/2";"Other";144;"MEYLE";1
402;"2026/2";"Balkan";151;"SWAG";2
402;"2026/2";"Austria";400;"RAICAM";1
402;"2026/2";"Slovenia";4938;"FAST";1
402;"2026/2";"SEE";4377;"TOMEX Brakes";2
402;"2026/2";"Spain";4373;"BENDIX Braking";1
402;"2026/2";"Austria";4872;"BREMSI";1
402;"2026/2";"Serbia";43;"CHAMPION";1
402;"2026/2";"Romania";4008;"MANDO";6
402;"2026/2";"N";4986;"FERODO RACING";1
402;"2026/2";"Germany";347;"TRW Engine Component";4
402;"2026/2";"Croatia";5348;"DANBLOCK";10
402;"2026/2";"Nordic";62;"FERODO";32
402;"2026/2";"West Europe";12;"PAGID";3
402;"2026/2";"West Europe";89;"DELPHI";1
402;"2026/2";"Nordic";4872;"BREMSI";108
402;"2026/2";"Other";197;"LPR";1
402;"2026/2";"Balkan";185;"KAMOKA";10
402;"2026/2";"Romania";162;"VAICO";1
402;"2026/2";"Nordic";21;"VALEO";28
402;"2026/2";"SEE";21;"VALEO";2
402;"2026/2";"Germany";6862;"ProVia";5
402;"2026/2";"Germany";4461;"KAISHIN";1
402;"2026/2";"Nordic";21;"VALEO";3
402;"2026/2";"N";95;"MAGNETI MARELLI";1
402;"2026/2";"Other";95;"MAGNETI MARELLI";9
402;"2026/2";"Other";86;"ZIMMERMANN";1
402;"2026/2";"Germany";4675;"STARLINE";28
402;"2026/2";"Nordic";129;"OPTIMAL";3
402;"2026/2";"Other";129;"OPTIMAL";2
402;"2026/2";"Other";3;"ATE";1
402;"2026/2";"Other";129;"OPTIMAL";3
402;"2026/2";"B";129;"OPTIMAL";4
402;"2026/2";"SEE";39;"TEXTAR";15415
402;"2026/2";"Germany";161;"TRW";215520
402;"2026/2";"Germany";30;"BOSCH";314957
402;"2026/2";"Germany";350;"BLUE PRINT";1733
402;"2026/2";"ROW";65;"BREMBO";2045
402;"2026/2";"West Europe";65;"BREMBO";2217
402;"2026/2";"SEE";30;"BOSCH";10449
402;"2026/2";"Germany";2789;"NAPA Germany";15988
402;"2026/2";"ROW";161;"TRW";4586
402;"2026/2";"Germany";2;"HELLA";4150
402;"2026/2";"N";89;"DELPHI";243
402;"2026/2";"Croatia";121;"METELLI";43
402;"2026/2";"Croatia";144;"MEYLE";442
402;"2026/2";"Croatia";161;"TRW";15367
402;"2026/2";"Portugal";3;"ATE";5316
402;"2026/2";"Germany";206;"A.B.S.";1693
402;"2026/2";"Germany";403;"MAXGEAR";38833
402;"2026/2";"West Europe";54;"FTE";13
402;"2026/2";"Nordic";30;"BOSCH";1244
402;"2026/2";"SEE";197;"LPR";13199
402;"2026/2";"Germany";121;"METELLI";38
402;"2026/2";"Germany";186;"DENCKERMANN";47
402;"2026/2";"Germany";201;"KAVO PARTS";13
402;"2026/2";"Germany";4377;"TOMEX Brakes";32
402;"2026/2";"Germany";6358;"RIDEX";25
402;"2026/2";"SEE";5251;"HART";55
402;"2026/2";"EEU";39;"TEXTAR";11346
402;"2026/2";"N";65;"BREMBO";2109
402;"2026/2";"Other";57;"QUINTON HAZELL";31
402;"2026/2";"West Europe";403;"MAXGEAR";43
402;"2026/2";"Slovenia";39;"TEXTAR";6411
402;"2026/2";"Austria";101;"FEBI BILSTEIN";5670
402;"2026/2";"West Europe";3;"ATE";1131
402;"2026/2";"Portugal";161;"TRW";9124
402;"2026/2";"Other";403;"MAXGEAR";134
402;"2026/2";"Balkan";3;"ATE";941
402;"2026/2";"Balkan";152;"ROADHOUSE";12
402;"2026/2";"Nordic";206;"A.B.S.";308
402;"2026/2";"Nordic";3;"ATE";311
402;"2026/2";"West Europe";378;"OPEN PARTS";100
402;"2026/2";"Other";161;"TRW";149
402;"2026/2";"Switzerland";144;"MEYLE";246
402;"2026/2";"Serbia";197;"LPR";312
402;"2026/2";"SEE";4948;"Dr!ve+";3
402;"2026/2";"Nordic";4948;"Dr!ve+";902
402;"2026/2";"Switzerland";62;"FERODO";110
402;"2026/2";"Slovenia";21;"VALEO";37
402;"2026/2";"West Europe";185;"KAMOKA";109
402;"2026/2";"Nordic";144;"MEYLE";1874
402;"2026/2";"B";86;"ZIMMERMANN";15
402;"2026/2";"Nordic";3;"ATE";291
402;"2026/2";"Other";65;"BREMBO";126
402;"2026/2";"West Europe";248;"NIPPARTS";26
402;"2026/2";"Balkan";403;"MAXGEAR";38
402;"2026/2";"SEE";101;"FEBI BILSTEIN";45
402;"2026/2";"Serbia";89;"DELPHI";337
402;"2026/2";"SEE";55;"HERTH+BUSS JAKOPARTS";7
402;"2026/2";"ROW";2;"HELLA";53
402;"2026/2";"Nordic";30;"BOSCH";230
402;"2026/2";"Croatia";86;"ZIMMERMANN";1215
402;"2026/2";"Other";350;"BLUE PRINT";3
402;"2026/2";"Slovenia";186;"DENCKERMANN";42
402;"2026/2";"Slovenia";257;"ASHIKA";17
402;"2026/2";"West Europe";86;"ZIMMERMANN";2
402;"2026/2";"Balkan";62;"FERODO";279
402;"2026/2";"West Europe";156;"JAPANPARTS";121
402;"2026/2";"Other";4821;"QUARO";14
402;"2026/2";"Croatia";6265;"Hi-Q";44
402;"2026/2";"Other";350;"BLUE PRINT";311
402;"2026/2";"B";55;"HERTH+BUSS JAKOPARTS";326
402;"2026/2";"Other";201;"KAVO PARTS";3
402;"2026/2";"West Europe";39;"TEXTAR";18
402;"2026/2";"Other";4821;"QUARO";2
402;"2026/2";"B";89;"DELPHI";452
402;"2026/2";"Other";39;"TEXTAR";1
402;"2026/2";"ROW";144;"MEYLE";1
402;"2026/2";"West Europe";2728;"ORIGINAL Schäferbarthold";33
402;"2026/2";"N";153;"REMSA";272
402;"2026/2";"Nordic";2112;"OE-FIT Schäferbarthold";10
402;"2026/2";"Germany";6984;"Oyodo";11
402;"2026/2";"West Europe";403;"MAXGEAR";39
402;"2026/2";"EEU";403;"MAXGEAR";131
402;"2026/2";"Nordic";108;"TRISCAN";57
402;"2026/2";"SEE";4625;"HELLA PAGID";7
402;"2026/2";"Switzerland";2728;"ORIGINAL Schäferbarthold";9
402;"2026/2";"Spain";4821;"QUARO";12
402;"2026/2";"SEE";144;"MEYLE";7
402;"2026/2";"Nordic";264;"BERAL";1
402;"2026/2";"B";151;"SWAG";1
402;"2026/2";"EEU";6368;"EBC Brakes";1
402;"2026/2";"Nordic";48;"JURID";7
402;"2026/2";"Switzerland";350;"BLUE PRINT";156
402;"2026/2";"Other";62;"FERODO";9
402;"2026/2";"Nordic";108;"TRISCAN";1
402;"2026/2";"Other";152;"ROADHOUSE";3
402;"2026/2";"Other";65;"BREMBO";51
402;"2026/2";"Austria";129;"OPTIMAL";4540
402;"2026/2";"SEE";65;"BREMBO";4
402;"2026/2";"Other";403;"MAXGEAR";8
402;"2026/2";"West Europe";350;"BLUE PRINT";1527
402;"2026/2";"Slovenia";378;"OPEN PARTS";2
402;"2026/2";"Austria";5251;"HART";107
402;"2026/2";"Nordic";30;"BOSCH";2082
402;"2026/2";"Germany";43;"CHAMPION";2
402;"2026/2";"SEE";152;"ROADHOUSE";2
402;"2026/2";"Germany";4364;"ACKOJA";13
402;"2026/2";"SEE";63;"PE Automotive";21
402;"2026/2";"Germany";421;"COMLINE";3
402;"2026/2";"ROW";2;"HELLA";6
402;"2026/2";"Other";350;"BLUE PRINT";3
402;"2026/2";"Balkan";21;"VALEO";249
402;"2026/2";"Balkan";264;"BERAL";1
402;"2026/2";"Other";153;"REMSA";1
402;"2026/2";"Germany";323;"AUTOMEGA";1
402;"2026/2";"Serbia";21;"VALEO";2130
402;"2026/2";"West Europe";129;"OPTIMAL";25
402;"2026/2";"Other";403;"MAXGEAR";4
402;"2026/2";"Nordic";2112;"OE-FIT Schäferbarthold";5
402;"2026/2";"SEE";2728;"ORIGINAL Schäferbarthold";1
402;"2026/2";"SEE";500;"GALFER";2
402;"2026/2";"Slovenia";409;"FREMAX";5
402;"2026/2";"EEU";21;"VALEO";6
402;"2026/2";"EEU";186;"DENCKERMANN";1
402;"2026/2";"EEU";121;"METELLI";3
402;"2026/2";"Germany";394;"BARUM";56
402;"2026/2";"Other";403;"MAXGEAR";2
402;"2026/2";"Other";403;"MAXGEAR";1
402;"2026/2";"ROW";6479;"DACO Germany";3
402;"2026/2";"West Europe";50;"SKF";7
402;"2026/2";"Portugal";152;"ROADHOUSE";8377
402;"2026/2";"Austria";95;"MAGNETI MARELLI";5
402;"2026/2";"Balkan";4564;"MOTAQUIP";2
402;"2026/2";"Other";39;"TEXTAR";1
402;"2026/2";"SEE";108;"TRISCAN";2
402;"2026/2";"EEU";197;"LPR";1
402;"2026/2";"Other";268;"JP GROUP";1
402;"2026/2";"Other";86;"ZIMMERMANN";1
402;"2026/2";"Germany";152;"ROADHOUSE";45
402;"2026/2";"Portugal";421;"COMLINE";4
402;"2026/2";"West Europe";101;"FEBI BILSTEIN";176
402;"2026/2";"Romania";2730;"_DEL_ITN";6
402;"2026/2";"B";248;"NIPPARTS";1
402;"2026/2";"Romania";5603;"PAGID Racing";1
402;"2026/2";"Portugal";156;"JAPANPARTS";44
402;"2026/2";"Switzerland";152;"ROADHOUSE";584
402;"2026/2";"Germany";529;"SAUER QUALITY PARTS";456
402;"2026/2";"Switzerland";1471;"Pika US-Parts";5
402;"2026/2";"West Europe";86;"ZIMMERMANN";1
402;"2026/2";"Austria";4391;"EUROREPAR";96
402;"2026/2";"N";257;"ASHIKA";1
402;"2026/2";"Romania";6368;"EBC Brakes";1
402;"2026/2";"Portugal";153;"REMSA";6
402;"2026/2";"Germany";1471;"Pika US-Parts";4
402;"2026/2";"Portugal";206;"A.B.S.";2
402;"2026/2";"West Europe";201;"KAVO PARTS";10
402;"2026/2";"Croatia";4426;"ABE";2
402;"2026/2";"Serbia";152;"ROADHOUSE";2
402;"2026/2";"Switzerland";286;"KAWE";1
402;"2026/2";"N";440;"NPS";1
402;"2026/2";"Other";65;"BREMBO";2
402;"2026/2";"SEE";65;"BREMBO";7
402;"2026/2";"Balkan";4770;"EUROBRAKE";2
402;"2026/2";"Other";4564;"MOTAQUIP";2
402;"2026/2";"ROW";127;"NK";1
402;"2026/2";"Other";4373;"BENDIX Braking";1
402;"2026/2";"Other";108;"TRISCAN";1
402;"2026/2";"N";186;"DENCKERMANN";1
402;"2026/2";"West Europe";5251;"HART";1
402;"2026/2";"West Europe";2;"HELLA";1
402;"2026/2";"Other";89;"DELPHI";1
402;"2026/2";"EEU";62;"FERODO";26
402;"2026/2";"Germany";6359;"IAP QUALITY PARTS";2
402;"2026/2";"Nordic";4872;"BREMSI";38
402;"2026/2";"Balkan";481;"JAPKO";2
402;"2026/2";"EEU";65;"BREMBO";5
402;"2026/2";"Nordic";197;"LPR";5
402;"2026/2";"Other";22;"WABCO";1
402;"2026/2";"N";1471;"Pika US-Parts";2
402;"2026/2";"Spain";43;"CHAMPION";2
402;"2026/2";"Germany";343;"SAMKO";9
402;"2026/2";"Germany";4955;"R BRAKE";1
402;"2026/2";"SEE";814;"REMANTE";1
402;"2026/2";"West Europe";4872;"BREMSI";30
402;"2026/2";"Other";197;"LPR";4
402;"2026/2";"Other";62;"FERODO";1
402;"2026/2";"Austria";6999;"CIDAK";1
402;"2026/2";"Other";161;"TRW";2
402;"2026/2";"Other";278;"DON";1
402;"2026/2";"Austria";381;"Brake ENGINEERING";1
402;"2026/2";"Other";129;"OPTIMAL";5
402;"2026/2";"Other";3;"ATE";1
402;"2026/2";"Other";161;"TRW";2
402;"2026/2";"EEU";403;"MAXGEAR";13431
402;"2026/2";"SEE";161;"TRW";7845
402;"2026/2";"Nordic";65;"BREMBO";2000
402;"2026/2";"West Europe";55;"HERTH+BUSS JAKOPARTS";187
402;"2026/2";"SEE";2;"HELLA";9593
402;"2026/2";"West Europe";30;"BOSCH";1895
402;"2026/2";"B";3;"ATE";3238
402;"2026/2";"Germany";39;"TEXTAR";130800
402;"2026/2";"SEE";65;"BREMBO";16350
402;"2026/2";"ROW";62;"FERODO";10137
402;"2026/2";"N";6473;"NAPA";8
402;"2026/2";"Portugal";350;"BLUE PRINT";6523
402;"2026/2";"Switzerland";39;"TEXTAR";351
402;"2026/2";"Nordic";86;"ZIMMERMANN";129
402;"2026/2";"Germany";151;"SWAG";8
402;"2026/2";"Germany";4546;"KRAFT AUTOMOTIVE";44
402;"2026/2";"Switzerland";153;"REMSA";80
402;"2026/2";"Switzerland";4986;"FERODO RACING";1
402;"2026/2";"Austria";403;"MAXGEAR";3108
402;"2026/2";"EEU";30;"BOSCH";971
402;"2026/2";"EEU";39;"TEXTAR";971
402;"2026/2";"EEU";3809;"KNORR-BREMSE";4
402;"2026/2";"Croatia";350;"BLUE PRINT";1045
402;"2026/2";"EEU";30;"BOSCH";8622
402;"2026/2";"Nordic";350;"BLUE PRINT";153
402;"2026/2";"Austria";6983;"ProfiPower";246
402;"2026/2";"N";101;"FEBI BILSTEIN";55
402;"2026/2";"Nordic";153;"REMSA";4537
402;"2026/2";"B";2112;"OE-FIT Schäferbarthold";12
402;"2026/2";"SEE";21;"VALEO";87
402;"2026/2";"Slovenia";206;"A.B.S.";21
402;"2026/2";"Other";39;"TEXTAR";3662
402;"2026/2";"Other";156;"JAPANPARTS";112
402;"2026/2";"Other";186;"DENCKERMANN";52
402;"2026/2";"ROW";201;"KAVO PARTS";157
402;"2026/2";"EEU";156;"JAPANPARTS";175
402;"2026/2";"SEE";403;"MAXGEAR";71
402;"2026/2";"Spain";89;"DELPHI";1076
402;"2026/2";"West Europe";144;"MEYLE";8
402;"2026/2";"Austria";206;"A.B.S.";1027
402;"2026/2";"Austria";197;"LPR";62
402;"2026/2";"N";161;"TRW";8887
402;"2026/2";"Other";101;"FEBI BILSTEIN";205
402;"2026/2";"Other";4948;"Dr!ve+";2157
402;"2026/2";"West Europe";161;"TRW";294
402;"2026/2";"Balkan";39;"TEXTAR";902
402;"2026/2";"West Europe";161;"TRW";5361
402;"2026/2";"Nordic";3;"ATE";262
402;"2026/2";"West Europe";6984;"Oyodo";19
402;"2026/2";"Balkan";4821;"QUARO";51
402;"2026/2";"Nordic";161;"TRW";1216
402;"2026/2";"Balkan";43;"CHAMPION";94
402;"2026/2";"Nordic";2728;"ORIGINAL Schäferbarthold";11
402;"2026/2";"Croatia";39;"TEXTAR";15571
402;"2026/2";"Croatia";127;"NK";38
402;"2026/2";"Other";185;"KAMOKA";11
402;"2026/2";"Slovenia";94;"METZGER";4
402;"2026/2";"Slovenia";366;"WOKING";2
402;"2026/2";"West Europe";62;"FERODO";665
402;"2026/2";"Other";39;"TEXTAR";20
402;"2026/2";"SEE";86;"ZIMMERMANN";154
402;"2026/2";"Nordic";350;"BLUE PRINT";116
402;"2026/2";"EEU";144;"MEYLE";370
402;"2026/2";"Spain";403;"MAXGEAR";77
402;"2026/2";"Switzerland";4821;"QUARO";276
402;"2026/2";"ROW";4986;"FERODO RACING";8
402;"2026/2";"Nordic";2728;"ORIGINAL Schäferbarthold";2
402;"2026/2";"EEU";156;"JAPANPARTS";23
402;"2026/2";"Nordic";349;"MERITOR";4
402;"2026/2";"Nordic";94;"METZGER";3
402;"2026/2";"Croatia";403;"MAXGEAR";602
402;"2026/2";"Croatia";62;"FERODO";1085
402;"2026/2";"West Europe";2728;"ORIGINAL Schäferbarthold";6
402;"2026/2";"Slovenia";264;"BERAL";24
402;"2026/2";"West Europe";311;"CIFAM";16
402;"2026/2";"West Europe";50;"SKF";3
402;"2026/2";"Other";156;"JAPANPARTS";2
402;"2026/2";"Romania";144;"MEYLE";312
402;"2026/2";"Other";403;"MAXGEAR";18
402;"2026/2";"Other";3;"ATE";89
402;"2026/2";"Other";144;"MEYLE";10
402;"2026/2";"Austria";21;"VALEO";77
402;"2026/2";"Nordic";4377;"TOMEX Brakes";22
402;"2026/2";"Austria";4426;"ABE";38
402;"2026/2";"Slovenia";50;"SKF";2
402;"2026/2";"Serbia";63;"PE Automotive";1
402;"2026/2";"Nordic";3;"ATE";1205
402;"2026/2";"EEU";30;"BOSCH";52
402;"2026/2";"EEU";39;"TEXTAR";87
402;"2026/2";"West Europe";500;"GALFER";43
402;"2026/2";"SEE";39;"TEXTAR";635
402;"2026/2";"Austria";4657;"ABAKUS";14
402;"2026/2";"Other";4821;"QUARO";13
402;"2026/2";"Slovenia";4564;"MOTAQUIP";3091
402;"2026/2";"Other";403;"MAXGEAR";99
402;"2026/2";"West Europe";161;"TRW";19
402;"2026/2";"Other";403;"MAXGEAR";31
402;"2026/2";"EEU";350;"BLUE PRINT";18
402;"2026/2";"ROW";481;"JAPKO";1
402;"2026/2";"Nordic";2728;"ORIGINAL Schäferbarthold";18
402;"2026/2";"Serbia";350;"BLUE PRINT";238
402;"2026/2";"Germany";4595;"STELLOX";18
402;"2026/2";"Germany";4948;"Dr!ve+";4
402;"2026/2";"EEU";21;"VALEO";5
402;"2026/2";"SEE";161;"TRW";23
402;"2026/2";"Nordic";156;"JAPANPARTS";11
402;"2026/2";"SEE";161;"TRW";27
402;"2026/2";"West Europe";21;"VALEO";21
402;"2026/2";"Nordic";108;"TRISCAN";1
402;"2026/2";"Austria";73;"MINTEX";8
402;"2026/2";"EEU";108;"TRISCAN";5
402;"2026/2";"West Europe";161;"TRW";117
402;"2026/2";"EEU";101;"FEBI BILSTEIN";2
402;"2026/2";"Nordic";161;"TRW";118
402;"2026/2";"Other";197;"LPR";8
402;"2026/2";"Other";197;"LPR";4
402;"2026/2";"Spain";4587;"DANAHER";1
402;"2026/2";"Balkan";2;"HELLA";1
402;"2026/2";"Serbia";161;"TRW";5556
402;"2026/2";"Other";161;"TRW";2
402;"2026/2";"EEU";162;"VAICO";1
402;"2026/2";"SEE";4623;"SAMPA";5
402;"2026/2";"Germany";158;"ICER";10
402;"2026/2";"West Europe";4938;"FAST";4
402;"2026/2";"Austria";2112;"OE-FIT Schäferbarthold";1
402;"2026/2";"Other";89;"DELPHI";3
402;"2026/2";"EEU";156;"JAPANPARTS";2
402;"2026/2";"Other";4872;"BREMSI";2
402;"2026/2";"N";4377;"TOMEX Brakes";1
402;"2026/2";"EEU";39;"TEXTAR";4
402;"2026/2";"Other";156;"JAPANPARTS";1
402;"2026/2";"Slovenia";4986;"FERODO RACING";8
402;"2026/2";"Nordic";152;"ROADHOUSE";4
402;"2026/2";"Germany";4346;"vika";2
402;"2026/2";"Romania";153;"REMSA";1
402;"2026/2";"West Europe";144;"MEYLE";65
402;"2026/2";"Other";4821;"QUARO";1
402;"2026/2";"Nordic";55;"HERTH+BUSS JAKOPARTS";64
402;"2026/2";"Portugal";403;"MAXGEAR";1
402;"2026/2";"B";6983;"ProfiPower";7
402;"2026/2";"B";6985;"JPN";1
402;"2026/2";"Other";39;"TEXTAR";8
402;"2026/2";"Other";39;"TEXTAR";1
402;"2026/2";"Other";4821;"QUARO";1
402;"2026/2";"Austria";209;"TRUCKTEC AUTOMOTIVE";1
402;"2026/2";"Spain";311;"CIFAM";2
402;"2026/2";"Croatia";378;"OPEN PARTS";1
402;"2026/2";"Germany";133;"MAPCO";5
402;"2026/2";"Other";403;"MAXGEAR";2
402;"2026/2";"Spain";225;"SCT - MANNOL";1
402;"2026/2";"SEE";267;"FAI AutoParts";1
402;"2026/2";"Austria";311;"CIFAM";20
402;"2026/2";"Switzerland";278;"DON";2867
402;"2026/2";"West Europe";4537;"APEC";1493
402;"2026/2";"Slovenia";481;"JAPKO";63
402;"2026/2";"Balkan";481;"JAPKO";46
402;"2026/2";"Balkan";4373;"BENDIX Braking";97
402;"2026/2";"Romania";101;"FEBI BILSTEIN";102
402;"2026/2";"Serbia";73;"MINTEX";1350
402;"2026/2";"Portugal";129;"OPTIMAL";2
402;"2026/2";"Germany";22;"WABCO";426
402;"2026/2";"Other";129;"OPTIMAL";28
402;"2026/2";"Switzerland";199;"TRUSTING";5
402;"2026/2";"SEE";62;"FERODO";45
402;"2026/2";"Germany";349;"MERITOR";63
402;"2026/2";"N";48;"JURID";10
402;"2026/2";"Other";50;"SKF";12
402;"2026/2";"West Europe";4564;"MOTAQUIP";11
402;"2026/2";"Balkan";144;"MEYLE";52
402;"2026/2";"Portugal";144;"MEYLE";3
402;"2026/2";"B";62;"FERODO";4
402;"2026/2";"West Europe";199;"TRUSTING";1
402;"2026/2";"SEE";2;"HELLA";2
402;"2026/2";"N";197;"LPR";6
402;"2026/2";"Germany";73;"MINTEX";7
402;"2026/2";"Portugal";4955;"R BRAKE";3
402;"2026/2";"N";301;"TOPRAN";1
402;"2026/2";"Other";161;"TRW";2
402;"2026/2";"Nordic";4377;"TOMEX Brakes";1
402;"2026/2";"West Europe";4872;"BREMSI";3
402;"2026/2";"Romania";311;"CIFAM";1
402;"2026/2";"N";43;"CHAMPION";1
402;"2026/2";"Switzerland";4426;"ABE";1
402;"2026/2";"Serbia";4455;"BSG";3
402;"2026/2";"Serbia";257;"ASHIKA";1
402;"2026/2";"Other";144;"MEYLE";1
402;"2026/2";"Germany";6103;"MK Kashiyama";1
402;"2026/2";"Germany";5599;"ABTEX";1
402;"2026/2";"Serbia";4595;"STELLOX";3
402;"2026/2";"Other";311;"CIFAM";1
402;"2026/2";"West Europe";62;"FERODO";1
402;"2026/2";"Balkan";206;"A.B.S.";504
402;"2026/2";"Balkan";50;"SKF";34
402;"2026/2";"Nordic";127;"NK";1098
402;"2026/2";"Romania";257;"ASHIKA";8
402;"2026/2";"EEU";62;"FERODO";6
402;"2026/2";"EEU";55;"HERTH+BUSS JAKOPARTS";2
402;"2026/2";"Other";4373;"BENDIX Braking";2
402;"2026/2";"Spain";5549;"ADR";5
402;"2026/2";"Germany";190;"NATIONAL";1
402;"2026/2";"Nordic";156;"JAPANPARTS";1
402;"2026/2";"SEE";5348;"DANBLOCK";1
402;"2026/2";"N";264;"BERAL";1
402;"2026/2";"Other";62;"FERODO";2
402;"2026/2";"Croatia";529;"SAUER QUALITY PARTS";1
402;"2026/2";"Other";3;"ATE";2
402;"2026/2";"SEE";5348;"DANBLOCK";1
402;"2026/2";"Other";65;"BREMBO";2
402;"2026/2";"Other";3;"ATE";3
402;"2026/2";"SEE";48;"JURID";308
402;"2026/2";"Nordic";152;"ROADHOUSE";2184
402;"2026/2";"Germany";257;"ASHIKA";41
402;"2026/2";"West Europe";3;"ATE";4241
402;"2026/2";"SEE";89;"DELPHI";3214
402;"2026/2";"Portugal";89;"DELPHI";238
402;"2026/2";"Switzerland";30;"BOSCH";3360
402;"2026/2";"Switzerland";161;"TRW";11972
402;"2026/2";"Germany";144;"MEYLE";13941
402;"2026/2";"Spain";30;"BOSCH";12897
402;"2026/2";"Germany";6985;"JPN";257
402;"2026/2";"Nordic";65;"BREMBO";233
402;"2026/2";"ROW";153;"REMSA";29
402;"2026/2";"Germany";50;"SKF";1299
402;"2026/2";"Germany";166;"AISIN";13
402;"2026/2";"EEU";62;"FERODO";39
402;"2026/2";"Austria";30;"BOSCH";35207
402;"2026/2";"N";86;"ZIMMERMANN";211
402;"2026/2";"Slovenia";156;"JAPANPARTS";1367
402;"2026/2";"EEU";144;"MEYLE";7139
402;"2026/2";"EEU";350;"BLUE PRINT";27
402;"2026/2";"Switzerland";206;"A.B.S.";151
402;"2026/2";"Portugal";4938;"FAST";3
402;"2026/2";"West Europe";55;"HERTH+BUSS JAKOPARTS";165
402;"2026/2";"Austria";185;"KAMOKA";111
402;"2026/2";"Balkan";161;"TRW";422
402;"2026/2";"Balkan";301;"TOPRAN";2
402;"2026/2";"ROW";144;"MEYLE";234
402;"2026/2";"Nordic";65;"BREMBO";662
402;"2026/2";"Nordic";350;"BLUE PRINT";66
402;"2026/2";"Nordic";153;"REMSA";37
402;"2026/2";"Serbia";62;"FERODO";394
402;"2026/2";"SEE";161;"TRW";228
402;"2026/2";"Slovenia";421;"COMLINE";174
402;"2026/2";"Portugal";39;"TEXTAR";17798
402;"2026/2";"SEE";89;"DELPHI";788
402;"2026/2";"Nordic";39;"TEXTAR";469
402;"2026/2";"Austria";108;"TRISCAN";552
402;"2026/2";"Other";39;"TEXTAR";65
402;"2026/2";"Nordic";39;"TEXTAR";69
402;"2026/2";"Austria";12;"PAGID";703
402;"2026/2";"B";2789;"NAPA Germany";3
402;"2026/2";"B";350;"BLUE PRINT";448
402;"2026/2";"West Europe";129;"OPTIMAL";4368
402;"2026/2";"SEE";101;"FEBI BILSTEIN";10
402;"2026/2";"SEE";153;"REMSA";589
402;"2026/2";"Romania";161;"TRW";31540
402;"2026/2";"Spain";144;"MEYLE";16
402;"2026/2";"Nordic";6985;"JPN";5
402;"2026/2";"Germany";4426;"ABE";412
402;"2026/2";"Germany";4699;"SBP";2
402;"2026/2";"Croatia";421;"COMLINE";172
402;"2026/2";"Nordic";161;"TRW";247
402;"2026/2";"Nordic";6985;"JPN";135
402;"2026/2";"Romania";350;"BLUE PRINT";45
402;"2026/2";"Germany";63;"PE Automotive";94
402;"2026/2";"Nordic";161;"TRW";40
402;"2026/2";"West Europe";86;"ZIMMERMANN";16
402;"2026/2";"SEE";4821;"QUARO";119
402;"2026/2";"Other";161;"TRW";2
402;"2026/2";"Germany";5251;"HART";25
402;"2026/2";"Slovenia";2235;"TQ";103
402;"2026/2";"Germany";301;"TOPRAN";316
402;"2026/2";"Croatia";151;"SWAG";22
402;"2026/2";"Spain";2;"HELLA";275
402;"2026/2";"Other";4821;"QUARO";6
402;"2026/2";"Other";30;"BOSCH";45
402;"2026/2";"Austria";201;"KAVO PARTS";12
402;"2026/2";"SEE";403;"MAXGEAR";27
402;"2026/2";"EEU";3;"ATE";4
402;"2026/2";"ROW";4587;"DANAHER";1
402;"2026/2";"Croatia";89;"DELPHI";143
402;"2026/2";"Balkan";199;"TRUSTING";230
402;"2026/2";"Nordic";197;"LPR";8
402;"2026/2";"Nordic";39;"TEXTAR";13
402;"2026/2";"Other";403;"MAXGEAR";164
402;"2026/2";"West Europe";108;"TRISCAN";18
402;"2026/2";"ROW";6008;"DBA Australia";1
402;"2026/2";"Germany";4986;"FERODO RACING";23
402;"2026/2";"Nordic";39;"TEXTAR";17
402;"2026/2";"EEU";65;"BREMBO";15
402;"2026/2";"Other";403;"MAXGEAR";26
402;"2026/2";"Other";144;"MEYLE";12
402;"2026/2";"Other";121;"METELLI";3
402;"2026/2";"Other";39;"TEXTAR";20
402;"2026/2";"B";108;"TRISCAN";4
402;"2026/2";"Nordic";2112;"OE-FIT Schäferbarthold";3
402;"2026/2";"EEU";144;"MEYLE";7
402;"2026/2";"Other";403;"MAXGEAR";1
402;"2026/2";"Other";403;"MAXGEAR";6
402;"2026/2";"EEU";108;"TRISCAN";1
402;"2026/2";"Slovenia";89;"DELPHI";13
402;"2026/2";"ROW";350;"BLUE PRINT";9
402;"2026/2";"SEE";144;"MEYLE";14
402;"2026/2";"SEE";350;"BLUE PRINT";11
402;"2026/2";"West Europe";156;"JAPANPARTS";25
402;"2026/2";"Nordic";65;"BREMBO";4087
402;"2026/2";"West Europe";4373;"BENDIX Braking";2
402;"2026/2";"Nordic";151;"SWAG";1
402;"2026/2";"EEU";186;"DENCKERMANN";2
402;"2026/2";"Other";65;"BREMBO";93
402;"2026/2";"Nordic";281;"BRECK";1
402;"2026/2";"SEE";350;"BLUE PRINT";11
402;"2026/2";"West Europe";2789;"NAPA Germany";4
402;"2026/2";"Nordic";2;"HELLA";5
402;"2026/2";"Nordic";12;"PAGID";1
402;"2026/2";"SEE";295;"fri.tech.";1
402;"2026/2";"Other";153;"REMSA";2
402;"2026/2";"Croatia";349;"MERITOR";1
402;"2026/2";"Other";65;"BREMBO";3
402;"2026/2";"Other";30;"BOSCH";2
402;"2026/2";"Romania";89;"DELPHI";11664
402;"2026/2";"West Europe";108;"TRISCAN";1
402;"2026/2";"Other";43;"CHAMPION";1
402;"2026/2";"Spain";355;"DT Spare Parts";1
402;"2026/2";"West Europe";4426;"ABE";2
402;"2026/2";"West Europe";350;"BLUE PRINT";6057
402;"2026/2";"SEE";153;"REMSA";1
402;"2026/2";"Other";144;"MEYLE";1
402;"2026/2";"SEE";4426;"ABE";1
402;"2026/2";"Other";89;"DELPHI";1
402;"2026/2";"West Europe";350;"BLUE PRINT";69
402;"2026/2";"Balkan";350;"BLUE PRINT";305
402;"2026/2";"Balkan";355;"DT Spare Parts";1
402;"2026/2";"Other";350;"BLUE PRINT";1
402;"2026/2";"SEE";62;"FERODO";3
402;"2026/2";"N";12;"PAGID";4
402;"2026/2";"N";129;"OPTIMAL";195
402;"2026/2";"Romania";3809;"KNORR-BREMSE";48
402;"2026/2";"Portugal";162;"VAICO";1
402;"2026/2";"SEE";4838;"FI.BA";62
402;"2026/2";"Slovenia";4675;"STARLINE";12
402;"2026/2";"Romania";21;"VALEO";209
402;"2026/2";"Croatia";4872;"BREMSI";2636
402;"2026/2";"Serbia";343;"SAMKO";3
402;"2026/2";"Other";4373;"BENDIX Braking";2337
402;"2026/2";"West Europe";201;"KAVO PARTS";16
402;"2026/2";"Serbia";55;"HERTH+BUSS JAKOPARTS";81
402;"2026/2";"Austria";529;"SAUER QUALITY PARTS";5
402;"2026/2";"ROW";144;"MEYLE";16
402;"2026/2";"B";201;"KAVO PARTS";61
402;"2026/2";"B";4770;"EUROBRAKE";45
402;"2026/2";"Slovenia";199;"TRUSTING";21
402;"2026/2";"Switzerland";50;"SKF";19
402;"2026/2";"N";127;"NK";30
402;"2026/2";"Other";481;"JAPKO";3
402;"2026/2";"Other";89;"DELPHI";3
402;"2026/2";"N";2;"HELLA";34
402;"2026/2";"Balkan";4872;"BREMSI";6
402;"2026/2";"West Europe";4770;"EUROBRAKE";10
402;"2026/2";"Portugal";366;"WOKING";3
402;"2026/2";"Spain";421;"COMLINE";2
402;"2026/2";"Portugal";4948;"Dr!ve+";1
402;"2026/2";"Slovenia";394;"BARUM";5
402;"2026/2";"Slovenia";4676;"ROTINGER";3
402;"2026/2";"Slovenia";6368;"EBC Brakes";3
402;"2026/2";"EEU";4564;"MOTAQUIP";2
402;"2026/2";"Other";144;"MEYLE";1
402;"2026/2";"Balkan";63;"PE Automotive";2
402;"2026/2";"Other";127;"NK";3
402;"2026/2";"Other";129;"OPTIMAL";22
402;"2026/2";"West Europe";4373;"BENDIX Braking";2
402;"2026/2";"Other";4657;"ABAKUS";1
402;"2026/2";"ROW";144;"MEYLE";4
402;"2026/2";"SEE";4872;"BREMSI";2
402;"2026/2";"Portugal";2728;"ORIGINAL Schäferbarthold";1
402;"2026/2";"West Europe";152;"ROADHOUSE";2
402;"2026/2";"SEE";257;"ASHIKA";4
402;"2026/2";"Balkan";814;"REMANTE";1769
402;"2026/2";"Balkan";6999;"CIDAK";1629
402;"2026/2";"West Europe";475;"BORG & BECK";1
402;"2026/2";"Balkan";6999;"CIDAK";2
402;"2026/2";"Other";55;"HERTH+BUSS JAKOPARTS";22
402;"2026/2";"Germany";72;"HERTH+BUSS ELPARTS";2
402;"2026/2";"Germany";336;"ST-TEMPLIN";1
402;"2026/2";"Other";5348;"DANBLOCK";44
402;"2026/2";"Balkan";158;"ICER";21
402;"2026/2";"Nordic";4872;"BREMSI";97
402;"2026/2";"EEU";55;"HERTH+BUSS JAKOPARTS";5
402;"2026/2";"Other";30;"BOSCH";2
402;"2026/2";"Serbia";86;"ZIMMERMANN";1
402;"2026/2";"EEU";89;"DELPHI";1
402;"2026/2";"Switzerland";197;"LPR";2
402;"2026/2";"Germany";4587;"DANAHER";3
402;"2026/2";"N";6368;"EBC Brakes";3
402;"2026/2";"West Europe";349;"MERITOR";1
402;"2026/2";"Other";2;"HELLA";1
402;"2026/2";"Nordic";158;"ICER";1
402;"2026/2";"Spain";156;"JAPANPARTS";3
402;"2026/2";"Austria";281;"BRECK";2
402;"2026/2";"Nordic";129;"OPTIMAL";6
402;"2026/2";"Other";161;"TRW";2
402;"2026/2";"Other";129;"OPTIMAL";5
402;"2026/2";"SEE";129;"OPTIMAL";1
402;"2026/2";"Romania";481;"JAPKO";1
402;"2026/2";"Germany";3;"ATE";559421
402;"2026/2";"Nordic";206;"A.B.S.";403
402;"2026/2";"Nordic";152;"ROADHOUSE";4
402;"2026/2";"Other";409;"FREMAX";2
402;"2026/2";"West Europe";403;"MAXGEAR";14992
402;"2026/2";"ROW";403;"MAXGEAR";190
402;"2026/2";"Switzerland";3;"ATE";61068
402;"2026/2";"West Europe";3;"ATE";12619
402;"2026/2";"West Europe";65;"BREMBO";11854
402;"2026/2";"West Europe";86;"ZIMMERMANN";387
402;"2026/2";"Germany";4821;"QUARO";17658
402;"2026/2";"Germany";156;"JAPANPARTS";51
402;"2026/2";"SEE";3;"ATE";5924
402;"2026/2";"Austria";161;"TRW";24141
402;"2026/2";"EEU";48;"JURID";24
402;"2026/2";"EEU";186;"DENCKERMANN";19
402;"2026/2";"Nordic";161;"TRW";706
402;"2026/2";"Nordic";101;"FEBI BILSTEIN";10
402;"2026/2";"B";2728;"ORIGINAL Schäferbarthold";13
402;"2026/2";"EEU";4821;"QUARO";1541
402;"2026/2";"Other";21;"VALEO";375
402;"2026/2";"Other";161;"TRW";281
402;"2026/2";"SEE";161;"TRW";323
402;"2026/2";"EEU";144;"MEYLE";231
402;"2026/2";"West Europe";39;"TEXTAR";21
402;"2026/2";"Croatia";3;"ATE";14354
402;"2026/2";"Switzerland";127;"NK";17
402;"2026/2";"Switzerland";301;"TOPRAN";8
402;"2026/2";"B";4821;"QUARO";6162
402;"2026/2";"Austria";4564;"MOTAQUIP";2136
402;"2026/2";"Other";121;"METELLI";46
402;"2026/2";"Germany";264;"BERAL";278
402;"2026/2";"West Europe";3;"ATE";86
402;"2026/2";"West Europe";403;"MAXGEAR";48
402;"2026/2";"Balkan";30;"BOSCH";243
402;"2026/2";"Balkan";4564;"MOTAQUIP";460
402;"2026/2";"Balkan";197;"LPR";83
402;"2026/2";"Spain";65;"BREMBO";469
402;"2026/2";"N";2112;"OE-FIT Schäferbarthold";6
402;"2026/2";"Other";3;"ATE";19
402;"2026/2";"Serbia";39;"TEXTAR";14645
402;"2026/2";"Germany";162;"VAICO";157
402;"2026/2";"Slovenia";65;"BREMBO";5899
402;"2026/2";"Germany";2728;"ORIGINAL Schäferbarthold";133
402;"2026/2";"Austria";89;"DELPHI";1710
402;"2026/2";"Austria";121;"METELLI";24
402;"2026/2";"ROW";65;"BREMBO";957
402;"2026/2";"Nordic";86;"ZIMMERMANN";33
402;"2026/2";"Nordic";39;"TEXTAR";359
402;"2026/2";"West Europe";6983;"ProfiPower";231
402;"2026/2";"Other";161;"TRW";54
402;"2026/2";"Balkan";4821;"QUARO";6
402;"2026/2";"SEE";62;"FERODO";16
402;"2026/2";"Nordic";4821;"QUARO";2709
402;"2026/2";"SEE";158;"ICER";11
402;"2026/2";"SEE";3809;"KNORR-BREMSE";276
402;"2026/2";"SEE";350;"BLUE PRINT";378
402;"2026/2";"Nordic";3;"ATE";755
402;"2026/2";"Nordic";144;"MEYLE";234
402;"2026/2";"Romania";421;"COMLINE";232
402;"2026/2";"SEE";30;"BOSCH";3
402;"2026/2";"SEE";65;"BREMBO";32
402;"2026/2";"ROW";21;"VALEO";21
402;"2026/2";"Germany";268;"JP GROUP";16
402;"2026/2";"Croatia";257;"ASHIKA";129
402;"2026/2";"West Europe";257;"ASHIKA";60
402;"2026/2";"Romania";39;"TEXTAR";20357
402;"2026/2";"Nordic";3;"ATE";57
402;"2026/2";"West Europe";6473;"NAPA";3
402;"2026/2";"Slovenia";4377;"TOMEX Brakes";3
402;"2026/2";"Nordic";101;"FEBI BILSTEIN";18
402;"2026/2";"Nordic";127;"NK";1
402;"2026/2";"Other";30;"BOSCH";28
402;"2026/2";"Croatia";4373;"BENDIX Braking";13871
402;"2026/2";"Croatia";4391;"EUROREPAR";1
402;"2026/2";"Spain";48;"JURID";7
402;"2026/2";"Croatia";73;"MINTEX";41
402;"2026/2";"Nordic";151;"SWAG";8
402;"2026/2";"Other";403;"MAXGEAR";10
402;"2026/2";"Nordic";55;"HERTH+BUSS JAKOPARTS";32
402;"2026/2";"ROW";30;"BOSCH";13
402;"2026/2";"Other";311;"CIFAM";3
402;"2026/2";"West Europe";48;"JURID";27
402;"2026/2";"Nordic";62;"FERODO";18
402;"2026/2";"West Europe";144;"MEYLE";17
402;"2026/2";"Austria";257;"ASHIKA";18
402;"2026/2";"Croatia";6985;"JPN";22
402;"2026/2";"SEE";197;"LPR";16
402;"2026/2";"EEU";144;"MEYLE";46
402;"2026/2";"EEU";86;"ZIMMERMANN";3
402;"2026/2";"Serbia";295;"fri.tech.";2
402;"2026/2";"Austria";50;"SKF";34
402;"2026/2";"Other";156;"JAPANPARTS";2
402;"2026/2";"West Europe";3;"ATE";45
402;"2026/2";"Other";39;"TEXTAR";1
402;"2026/2";"Other";350;"BLUE PRINT";5
402;"2026/2";"Nordic";39;"TEXTAR";49
402;"2026/2";"Other";62;"FERODO";12
402;"2026/2";"Other";4821;"QUARO";2
402;"2026/2";"Other";350;"BLUE PRINT";1
402;"2026/2";"Slovenia";185;"KAMOKA";20
402;"2026/2";"Slovenia";121;"METELLI";9
402;"2026/2";"Germany";260;"SASIC";3
402;"2026/2";"Nordic";201;"KAVO PARTS";1
402;"2026/2";"Other";152;"ROADHOUSE";1
402;"2026/2";"West Europe";2;"HELLA";2
402;"2026/2";"SEE";311;"CIFAM";13
402;"2026/2";"EEU";65;"BREMBO";12
402;"2026/2";"Nordic";156;"JAPANPARTS";3
402;"2026/2";"N";108;"TRISCAN";10
402;"2026/2";"SEE";355;"DT Spare Parts";1
402;"2026/2";"Other";86;"ZIMMERMANN";1
402;"2026/2";"Other";161;"TRW";8
402;"2026/2";"Croatia";186;"DENCKERMANN";7
402;"2026/2";"West Europe";206;"A.B.S.";1
402;"2026/2";"Other";4948;"Dr!ve+";1
402;"2026/2";"N";185;"KAMOKA";2
402;"2026/2";"Other";4564;"MOTAQUIP";1
402;"2026/2";"SEE";421;"COMLINE";2
402;"2026/2";"Other";161;"TRW";5
402;"2026/2";"Spain";529;"SAUER QUALITY PARTS";2
402;"2026/2";"Balkan";5348;"DANBLOCK";4873
402;"2026/2";"SEE";151;"SWAG";2
402;"2026/2";"Balkan";55;"HERTH+BUSS JAKOPARTS";41
402;"2026/2";"Other";4821;"QUARO";1
402;"2026/2";"Other";161;"TRW";5
402;"2026/2";"N";2789;"NAPA Germany";1
402;"2026/2";"Romania";62;"FERODO";1120
402;"2026/2";"Balkan";421;"COMLINE";1325
402;"2026/2";"Balkan";4373;"BENDIX Braking";1565
402;"2026/2";"Switzerland";43;"CHAMPION";1
402;"2026/2";"N";57;"QUINTON HAZELL";5
402;"2026/2";"Balkan";127;"NK";83
402;"2026/2";"Balkan";206;"A.B.S.";603
402;"2026/2";"Balkan";4426;"ABE";9
402;"2026/2";"West Europe";65;"BREMBO";900
402;"2026/2";"Slovenia";151;"SWAG";28
402;"2026/2";"Serbia";4377;"TOMEX Brakes";84
402;"2026/2";"Other";39;"TEXTAR";2
402;"2026/2";"Spain";197;"LPR";2
402;"2026/2";"Switzerland";73;"MINTEX";29
402;"2026/2";"Spain";4564;"MOTAQUIP";1
402;"2026/2";"Austria";63;"PE Automotive";2
402;"2026/2";"Portugal";4872;"BREMSI";1
402;"2026/2";"Croatia";12;"PAGID";1
402;"2026/2";"Other";4938;"FAST";11
402;"2026/2";"Croatia";94;"METZGER";1
402;"2026/2";"Serbia";95;"MAGNETI MARELLI";5
402;"2026/2";"Portugal";286;"KAWE";1
402;"2026/2";"Portugal";190;"NATIONAL";1
402;"2026/2";"Romania";86;"ZIMMERMANN";2
402;"2026/2";"Croatia";2;"HELLA";1
402;"2026/2";"Other";48;"JURID";1
402;"2026/2";"N";529;"SAUER QUALITY PARTS";3
402;"2026/2";"N";21;"VALEO";4
402;"2026/2";"Switzerland";5349;"BOGAP";1
402;"2026/2";"B";162;"VAICO";1
402;"2026/2";"Spain";4623;"SAMPA";1
402;"2026/2";"Switzerland";151;"SWAG";1
402;"2026/2";"Austria";152;"ROADHOUSE";1
402;"2026/2";"Other";65;"BREMBO";1
402;"2026/2";"West Europe";311;"CIFAM";1
402;"2026/2";"Other";248;"NIPPARTS";1
402;"2026/2";"Austria";2728;"ORIGINAL Schäferbarthold";2
402;"2026/2";"Other";54;"FTE";1
402;"2026/2";"Serbia";158;"ICER";1
402;"2026/2";"Germany";814;"REMANTE";3
402;"2026/2";"Other";206;"A.B.S.";23
402;"2026/2";"Croatia";6999;"CIDAK";6
402;"2026/2";"West Europe";4604;"CASALS";2
402;"2026/2";"Nordic";108;"TRISCAN";384
402;"2026/2";"Serbia";5348;"DANBLOCK";3
402;"2026/2";"Germany";6357;"Stark";1
402;"2026/2";"Nordic";86;"ZIMMERMANN";6
402;"2026/2";"Germany";5603;"PAGID Racing";2
402;"2026/2";"Balkan";4391;"EUROREPAR";1
402;"2026/2";"Nordic";153;"REMSA";22
402;"2026/2";"Nordic";378;"OPEN PARTS";50
402;"2026/2";"Nordic";50;"SKF";9
402;"2026/2";"Nordic";4955;"R BRAKE";44
402;"2026/2";"EEU";21;"VALEO";1
402;"2026/2";"N";6357;"Stark";2
402;"2026/2";"Other";3;"ATE";1
402;"2026/2";"Romania";22;"WABCO";1
402;"2026/2";"Other";65;"BREMBO";9
402;"2026/2";"Other";121;"METELLI";4
402;"2026/2";"EEU";197;"LPR";1
402;"2026/2";"Germany";4683;"OSSCA";1
402;"2026/2";"Other";30;"BOSCH";4
402;"2026/2";"Other";65;"BREMBO";21
402;"2026/2";"Austria";171;"Motorcraft";2
402;"2026/2";"Germany";232;"HALDEX";10
402;"2026/2";"Other";129;"OPTIMAL";5
402;"2026/2";"Austria";394;"BARUM";3
402;"2026/2";"EEU";161;"TRW";23777
402;"2026/2";"SEE";65;"BREMBO";5103
402;"2026/2";"Germany";89;"DELPHI";22231
402;"2026/2";"West Europe";39;"TEXTAR";1946
402;"2026/2";"Germany";62;"FERODO";53597
402;"2026/2";"Germany";94;"METZGER";115
402;"2026/2";"Switzerland";65;"BREMBO";19426
402;"2026/2";"Austria";3;"ATE";25494
402;"2026/2";"Germany";48;"JURID";3957
402;"2026/2";"Germany";127;"NK";9383
402;"2026/2";"West Europe";101;"FEBI BILSTEIN";255
402;"2026/2";"Germany";153;"REMSA";4908
402;"2026/2";"Nordic";62;"FERODO";479
402;"2026/2";"Austria";4821;"QUARO";2604
402;"2026/2";"SEE";500;"GALFER";3091
402;"2026/2";"SEE";4346;"vika";165
402;"2026/2";"Nordic";144;"MEYLE";1718
402;"2026/2";"Other";86;"ZIMMERMANN";23
402;"2026/2";"Slovenia";86;"ZIMMERMANN";1842
402;"2026/2";"EEU";86;"ZIMMERMANN";9
402;"2026/2";"ROW";4935;"JURATEK";1
402;"2026/2";"B";403;"MAXGEAR";10909
402;"2026/2";"N";4564;"MOTAQUIP";5
402;"2026/2";"Spain";6473;"NAPA";10594
402;"2026/2";"SEE";43;"CHAMPION";510
402;"2026/2";"West Europe";108;"TRISCAN";3
402;"2026/2";"Romania";4821;"QUARO";612
402;"2026/2";"West Europe";30;"BOSCH";5863
402;"2026/2";"Balkan";65;"BREMBO";422
402;"2026/2";"Nordic";30;"BOSCH";773
402;"2026/2";"Balkan";156;"JAPANPARTS";45
402;"2026/2";"Nordic";4821;"QUARO";2060
402;"2026/2";"Serbia";65;"BREMBO";2065
402;"2026/2";"Nordic";206;"A.B.S.";508
402;"2026/2";"Austria";62;"FERODO";365
402;"2026/2";"SEE";201;"KAVO PARTS";2454
402;"2026/2";"Nordic";403;"MAXGEAR";3435
402;"2026/2";"ROW";62;"FERODO";1135
402;"2026/2";"Balkan";121;"METELLI";876
402;"2026/2";"Balkan";4948;"Dr!ve+";150
402;"2026/2";"Austria";94;"METZGER";19
402;"2026/2";"B";101;"FEBI BILSTEIN";704
402;"2026/2";"West Europe";4821;"QUARO";128
402;"2026/2";"N";62;"FERODO";1656
402;"2026/2";"Austria";2;"HELLA";115
402;"2026/2";"Nordic";4821;"QUARO";111
402;"2026/2";"SEE";197;"LPR";3
402;"2026/2";"Nordic";127;"NK";2
402;"2026/2";"Portugal";7097;"Fahren";28
402;"2026/2";"Germany";95;"MAGNETI MARELLI";36
402;"2026/2";"West Europe";144;"MEYLE";242
402;"2026/2";"N";156;"JAPANPARTS";14
402;"2026/2";"Other";30;"BOSCH";1
402;"2026/2";"Slovenia";4821;"QUARO";114
402;"2026/2";"Germany";4938;"FAST";7
402;"2026/2";"Other";3;"ATE";769
402;"2026/2";"Balkan";350;"BLUE PRINT";19
402;"2026/2";"Nordic";350;"BLUE PRINT";17
402;"2026/2";"Slovenia";62;"FERODO";54
402;"2026/2";"Other";185;"KAMOKA";1
402;"2026/2";"Portugal";73;"MINTEX";8
402;"2026/2";"ROW";4854;"ASIMCO";1
402;"2026/2";"Spain";158;"ICER";65
402;"2026/2";"Nordic";6984;"Oyodo";13
402;"2026/2";"Switzerland";86;"ZIMMERMANN";196
402;"2026/2";"SEE";3;"ATE";100
402;"2026/2";"SEE";350;"BLUE PRINT";3
402;"2026/2";"Austria";186;"DENCKERMANN";55
402;"2026/2";"West Europe";4986;"FERODO RACING";2
402;"2026/2";"Other";4564;"MOTAQUIP";4
402;"2026/2";"SEE";4821;"QUARO";128
402;"2026/2";"SEE";3;"ATE";109
402;"2026/2";"EEU";89;"DELPHI";4
402;"2026/2";"Other";39;"TEXTAR";18
402;"2026/2";"Other";161;"TRW";148
402;"2026/2";"Other";350;"BLUE PRINT";15
402;"2026/2";"Other";144;"MEYLE";66
402;"2026/2";"Other";4821;"QUARO";9
402;"2026/2";"Spain";4604;"CASALS";7
402;"2026/2";"Spain";349;"MERITOR";3
402;"2026/2";"Nordic";403;"MAXGEAR";6
402;"2026/2";"Nordic";4821;"QUARO";4
402;"2026/2";"ROW";73;"MINTEX";1
402;"2026/2";"Other";197;"LPR";18
402;"2026/2";"Croatia";355;"DT Spare Parts";3
402;"2026/2";"EEU";156;"JAPANPARTS";5
402;"2026/2";"SEE";403;"MAXGEAR";82
402;"2026/2";"SEE";271;"FENOX";3
402;"2026/2";"SEE";30;"BOSCH";34
402;"2026/2";"Austria";6368;"EBC Brakes";5
402;"2026/2";"Spain";152;"ROADHOUSE";34
402;"2026/2";"Spain";161;"TRW";86
402;"2026/2";"Other";403;"MAXGEAR";1
402;"2026/2";"Other";403;"MAXGEAR";6
402;"2026/2";"Serbia";30;"BOSCH";2924
402;"2026/2";"Spain";101;"FEBI BILSTEIN";4
402;"2026/2";"SEE";86;"ZIMMERMANN";4
402;"2026/2";"Balkan";257;"ASHIKA";30
402;"2026/2";"SEE";403;"MAXGEAR";5
402;"2026/2";"West Europe";6473;"NAPA";8
402;"2026/2";"Croatia";153;"REMSA";2
402;"2026/2";"Other";55;"HERTH+BUSS JAKOPARTS";4
402;"2026/2";"Other";43;"CHAMPION";1
402;"2026/2";"ROW";2728;"ORIGINAL Schäferbarthold";1
402;"2026/2";"Other";295;"fri.tech.";3
402;"2026/2";"Balkan";4595;"STELLOX";6
402;"2026/2";"Balkan";4986;"FERODO RACING";3
402;"2026/2";"Switzerland";355;"DT Spare Parts";2
402;"2026/2";"West Europe";201;"KAVO PARTS";11
402;"2026/2";"Other";4821;"QUARO";2
402;"2026/2";"Romania";108;"TRISCAN";2
402;"2026/2";"ROW";151;"SWAG";1
402;"2026/2";"SEE";94;"METZGER";1
402;"2026/2";"EEU";4564;"MOTAQUIP";2
402;"2026/2";"Slovenia";201;"KAVO PARTS";3
402;"2026/2";"Other";403;"MAXGEAR";2
402;"2026/2";"SEE";144;"MEYLE";2
402;"2026/2";"Slovenia";129;"OPTIMAL";155
402;"2026/2";"Balkan";89;"DELPHI";1729
402;"2026/2";"Other";63;"PE Automotive";1
402;"2026/2";"Austria";264;"BERAL";4
402;"2026/2";"Other";3;"ATE";2
402;"2026/2";"Austria";4699;"SBP";1
402;"2026/2";"Serbia";4948;"Dr!ve+";2680
402;"2026/2";"EEU";21;"VALEO";2
402;"2026/2";"ROW";4880;"CTE";1
402;"2026/2";"Nordic";108;"TRISCAN";1
402;"2026/2";"B";4426;"ABE";299
402;"2026/2";"Romania";48;"JURID";158
402;"2026/2";"Portugal";201;"KAVO PARTS";114
402;"2026/2";"Balkan";4377;"TOMEX Brakes";2609
402;"2026/2";"Balkan";4377;"TOMEX Brakes";400
402;"2026/2";"Serbia";4373;"BENDIX Braking";9443
402;"2026/2";"Balkan";129;"OPTIMAL";29
402;"2026/2";"Balkan";6479;"DACO Germany";2
402;"2026/2";"Serbia";48;"JURID";1
402;"2026/2";"ROW";65;"BREMBO";1
402;"2026/2";"Switzerland";121;"METELLI";60
402;"2026/2";"Portugal";278;"DON";4
402;"2026/2";"B";4948;"Dr!ve+";1
402;"2026/2";"West Europe";4426;"ABE";2
402;"2026/2";"Other";350;"BLUE PRINT";1
402;"2026/2";"Austria";54;"FTE";8
402;"2026/2";"Croatia";129;"OPTIMAL";58
402;"2026/2";"SEE";101;"FEBI BILSTEIN";6
402;"2026/2";"West Europe";4657;"ABAKUS";5
402;"2026/2";"N";278;"DON";2
402;"2026/2";"Slovenia";162;"VAICO";1
402;"2026/2";"Romania";2;"HELLA";4
402;"2026/2";"N";6358;"RIDEX";2
402;"2026/2";"Austria";43;"CHAMPION";2
402;"2026/2";"Croatia";63;"PE Automotive";9
402;"2026/2";"ROW";144;"MEYLE";3
402;"2026/2";"N";152;"ROADHOUSE";3
402;"2026/2";"Switzerland";3720;"AutoTechteile";4
402;"2026/2";"Croatia";158;"ICER";2
402;"2026/2";"Slovenia";48;"JURID";1
402;"2026/2";"Germany";295;"fri.tech.";2
402;"2026/2";"Croatia";4986;"FERODO RACING";1
402;"2026/2";"SEE";4373;"BENDIX Braking";1
402;"2026/2";"Other";153;"REMSA";1
402;"2026/2";"West Europe";129;"OPTIMAL";6
402;"2026/2";"Other";30;"BOSCH";9
402;"2026/2";"Switzerland";6368;"EBC Brakes";2
402;"2026/2";"SEE";4948;"Dr!ve+";1
402;"2026/2";"Serbia";2;"HELLA";2
402;"2026/2";"Other";144;"MEYLE";5
402;"2026/2";"N";394;"BARUM";1
402;"2026/2";"Slovenia";43;"CHAMPION";1
402;"2026/2";"Other";86;"ZIMMERMANN";1
402;"2026/2";"N";500;"GALFER";1
402;"2026/2";"Other";144;"MEYLE";1
402;"2026/2";"ROW";48;"JURID";1
402;"2026/2";"Nordic";55;"HERTH+BUSS JAKOPARTS";90
402;"2026/2";"EEU";48;"JURID";5
402;"2026/2";"Romania";264;"BERAL";1
402;"2026/2";"Nordic";129;"OPTIMAL";5
402;"2026/2";"EEU";89;"DELPHI";1
402;"2026/2";"West Europe";21;"VALEO";6
402;"2026/2";"SEE";86;"ZIMMERMANN";3
402;"2026/2";"Germany";6995;"Professional Parts";1
402;"2026/2";"West Europe";5348;"DANBLOCK";1
402;"2026/2";"Austria";3191;"Augustin Group";1
402;"2026/2";"ROW";3;"ATE";2
402;"2026/2";"Germany";267;"FAI AutoParts";3
402;"2026/2";"Other";65;"BREMBO";2
402;"2026/2";"Other";3;"ATE";1
402;"2026/2";"Other";30;"BOSCH";1
402;"2026/2";"Romania";30;"BOSCH";8536
402;"2026/2";"Germany";65;"BREMBO";177769
402;"2026/2";"Germany";55;"HERTH+BUSS JAKOPARTS";36816
402;"2026/2";"Nordic";65;"BREMBO";25263
402;"2026/2";"Spain";7097;"Fahren";78
402;"2026/2";"Germany";209;"TRUCKTEC AUTOMOTIVE";18
402;"2026/2";"ROW";197;"LPR";15571
402;"2026/2";"Portugal";30;"BOSCH";14456
402;"2026/2";"Switzerland";129;"OPTIMAL";7489
402;"2026/2";"Germany";129;"OPTIMAL";110776
402;"2026/2";"West Europe";101;"FEBI BILSTEIN";221
402;"2026/2";"Nordic";101;"FEBI BILSTEIN";311
402;"2026/2";"Nordic";185;"KAMOKA";12
402;"2026/2";"Nordic";6983;"ProfiPower";410
402;"2026/2";"Germany";197;"LPR";14301
402;"2026/2";"Germany";311;"CIFAM";19
402;"2026/2";"Germany";481;"JAPKO";28
402;"2026/2";"Austria";144;"MEYLE";3350
402;"2026/2";"N";3;"ATE";32069
402;"2026/2";"Austria";6985;"JPN";143
402;"2026/2";"Austria";39;"TEXTAR";5671
402;"2026/2";"Other";62;"FERODO";846
402;"2026/2";"Other";144;"MEYLE";12
402;"2026/2";"SEE";403;"MAXGEAR";85
402;"2026/2";"EEU";121;"METELLI";1
402;"2026/2";"ROW";366;"WOKING";429
402;"2026/2";"Spain";350;"BLUE PRINT";439
402;"2026/2";"West Europe";4821;"QUARO";17
402;"2026/2";"Switzerland";101;"FEBI BILSTEIN";140
402;"2026/2";"West Europe";350;"BLUE PRINT";371
402;"2026/2";"ROW";4377;"TOMEX Brakes";7
402;"2026/2";"Balkan";197;"LPR";17
402;"2026/2";"Germany";4657;"ABAKUS";19
402;"2026/2";"Balkan";62;"FERODO";211
402;"2026/2";"N";2728;"ORIGINAL Schäferbarthold";26
402;"2026/2";"Nordic";30;"BOSCH";1265
402;"2026/2";"EEU";39;"TEXTAR";103
402;"2026/2";"EEU";3;"ATE";41
402;"2026/2";"ROW";121;"METELLI";51
402;"2026/2";"West Europe";39;"TEXTAR";1962
402;"2026/2";"Austria";4377;"TOMEX Brakes";16
402;"2026/2";"Slovenia";108;"TRISCAN";5
402;"2026/2";"West Europe";350;"BLUE PRINT";173
402;"2026/2";"West Europe";403;"MAXGEAR";1036
402;"2026/2";"N";55;"HERTH+BUSS JAKOPARTS";1215
402;"2026/2";"Balkan";30;"BOSCH";3351
402;"2026/2";"SEE";30;"BOSCH";1042
402;"2026/2";"Nordic";30;"BOSCH";844
402;"2026/2";"Other";4564;"MOTAQUIP";94
402;"2026/2";"EEU";30;"BOSCH";99
402;"2026/2";"Nordic";152;"ROADHOUSE";26
402;"2026/2";"B";152;"ROADHOUSE";1
402;"2026/2";"West Europe";4377;"TOMEX Brakes";16
402;"2026/2";"Croatia";278;"DON";67
402;"2026/2";"Nordic";144;"MEYLE";31
402;"2026/2";"West Europe";2112;"OE-FIT Schäferbarthold";4
402;"2026/2";"Other";65;"BREMBO";40
402;"2026/2";"West Europe";62;"FERODO";13
402;"2026/2";"Germany";4391;"EUROREPAR";26
402;"2026/2";"Portugal";225;"SCT - MANNOL";5
402;"2026/2";"Balkan";86;"ZIMMERMANN";25
402;"2026/2";"EEU";3;"ATE";142
402;"2026/2";"EEU";4821;"QUARO";375
402;"2026/2";"Croatia";65;"BREMBO";2232
402;"2026/2";"Other";156;"JAPANPARTS";1
402;"2026/2";"Other";39;"TEXTAR";2
402;"2026/2";"Nordic";89;"DELPHI";5
402;"2026/2";"Nordic";4377;"TOMEX Brakes";4
402;"2026/2";"Nordic";206;"A.B.S.";19
402;"2026/2";"Nordic";350;"BLUE PRINT";13
402;"2026/2";"Other";4426;"ABE";8
402;"2026/2";"Other";350;"BLUE PRINT";5
402;"2026/2";"Other";4821;"QUARO";10
402;"2026/2";"SEE";4821;"QUARO";10
402;"2026/2";"Germany";278;"DON";76
402;"2026/2";"Nordic";4821;"QUARO";122
402;"2026/2";"Austria";4938;"FAST";3
402;"2026/2";"Slovenia";4872;"BREMSI";431
402;"2026/2";"EEU";349;"MERITOR";16
402;"2026/2";"EEU";2789;"NAPA Germany";4
402;"2026/2";"SEE";55;"HERTH+BUSS JAKOPARTS";3
402;"2026/2";"Other";403;"MAXGEAR";1
402;"2026/2";"Other";4821;"QUARO";35
402;"2026/2";"Balkan";89;"DELPHI";3
402;"2026/2";"Croatia";190;"NATIONAL";6
402;"2026/2";"Spain";39;"TEXTAR";38
402;"2026/2";"Germany";4872;"BREMSI";5
402;"2026/2";"Serbia";101;"FEBI BILSTEIN";49
402;"2026/2";"Croatia";4564;"MOTAQUIP";1204
402;"2026/2";"ROW";409;"FREMAX";4
402;"2026/2";"Spain";86;"ZIMMERMANN";12
402;"2026/2";"B";94;"METZGER";4
402;"2026/2";"Other";144;"MEYLE";5
402;"2026/2";"ROW";4821;"QUARO";27
402;"2026/2";"Switzerland";156;"JAPANPARTS";2
402;"2026/2";"EEU";89;"DELPHI";8
402;"2026/2";"EEU";62;"FERODO";6
402;"2026/2";"Switzerland";89;"DELPHI";57
402;"2026/2";"Croatia";4377;"TOMEX Brakes";1
402;"2026/2";"ROW";4373;"BENDIX Braking";1
402;"2026/2";"Nordic";4587;"DANAHER";6
402;"2026/2";"Other";89;"DELPHI";26
402;"2026/2";"Other";108;"TRISCAN";1
402;"2026/2";"EEU";6368;"EBC Brakes";1
402;"2026/2";"SEE";166;"AISIN";3
402;"2026/2";"West Europe";4675;"STARLINE";3
402;"2026/2";"Other";3;"ATE";2
402;"2026/2";"Croatia";268;"JP GROUP";480
402;"2026/2";"Croatia";95;"MAGNETI MARELLI";18
402;"2026/2";"ROW";3;"ATE";3
402;"2026/2";"Other";152;"ROADHOUSE";15
402;"2026/2";"Serbia";403;"MAXGEAR";5
402;"2026/2";"EEU";65;"BREMBO";536
402;"2026/2";"Croatia";6479;"DACO Germany";1
402;"2026/2";"Nordic";206;"A.B.S.";2
402;"2026/2";"Germany";4322;"VALEO MX";1
402;"2026/2";"Nordic";2112;"OE-FIT Schäferbarthold";1
402;"2026/2";"B";206;"A.B.S.";2
402;"2026/2";"SEE";144;"MEYLE";2
402;"2026/2";"Nordic";4821;"QUARO";2
402;"2026/2";"Other";350;"BLUE PRINT";1
402;"2026/2";"Other";4821;"QUARO";1
402;"2026/2";"Balkan";158;"ICER";1
402;"2026/2";"Germany";4547;"SAKURA";1
402;"2026/2";"Portugal";101;"FEBI BILSTEIN";580
402;"2026/2";"Switzerland";311;"CIFAM";307
402;"2026/2";"Switzerland";5603;"PAGID Racing";136
402;"2026/2";"Serbia";50;"SKF";18
402;"2026/2";"SEE";152;"ROADHOUSE";61
402;"2026/2";"SEE";481;"JAPKO";5
402;"2026/2";"Slovenia";4373;"BENDIX Braking";3452
402;"2026/2";"Portugal";4631;"ASVA";3
402;"2026/2";"West Europe";4770;"EUROBRAKE";135
402;"2026/2";"B";127;"NK";1056
402;"2026/2";"Austria";4373;"BENDIX Braking";72
402;"2026/2";"Portugal";279;"GIRLING";26
402;"2026/2";"Other";73;"MINTEX";8
402;"2026/2";"Other";55;"HERTH+BUSS JAKOPARTS";14
402;"2026/2";"N";349;"MERITOR";1
402;"2026/2";"Portugal";21;"VALEO";5
402;"2026/2";"Other";278;"DON";7
402;"2026/2";"Portugal";257;"ASHIKA";1
402;"2026/2";"Balkan";186;"DENCKERMANN";1015
402;"2026/2";"Croatia";209;"TRUCKTEC AUTOMOTIVE";6
402;"2026/2";"Other";4346;"vika";1
402;"2026/2";"Other";151;"SWAG";1
402;"2026/2";"Austria";162;"VAICO";6
402;"2026/2";"B";50;"SKF";1
402;"2026/2";"N";409;"FREMAX";1
402;"2026/2";"N";4426;"ABE";1
402;"2026/2";"N";6397;"TECDRIVE";1
402;"2026/2";"Switzerland";166;"AISIN";1
402;"2026/2";"N";73;"MINTEX";1
402;"2026/2";"Germany";313;"FRIGAIR";1
402;"2026/2";"N";206;"A.B.S.";17
402;"2026/2";"Croatia";3809;"KNORR-BREMSE";3
402;"2026/2";"N";94;"METZGER";1
402;"2026/2";"Other";268;"JP GROUP";1
402;"2026/2";"Germany";355;"DT Spare Parts";141
402;"2026/2";"Other";162;"VAICO";1
402;"2026/2";"Portugal";54;"FTE";1
402;"2026/2";"Slovenia";4657;"ABAKUS";3
402;"2026/2";"N";22;"WABCO";1
402;"2026/2";"Other";4377;"TOMEX Brakes";2
402;"2026/2";"Nordic";153;"REMSA";107
402;"2026/2";"West Europe";6985;"JPN";1
402;"2026/2";"Balkan";5348;"DANBLOCK";12
402;"2026/2";"Nordic";257;"ASHIKA";114
402;"2026/2";"N";171;"Motorcraft";1
402;"2026/2";"Nordic";206;"A.B.S.";57
402;"2026/2";"Nordic";4955;"R BRAKE";11
402;"2026/2";"Nordic";89;"DELPHI";105
402;"2026/2";"West Europe";421;"COMLINE";11
402;"2026/2";"Other";30;"BOSCH";1
402;"2026/2";"Nordic";65;"BREMBO";1
402;"2026/2";"SEE";95;"MAGNETI MARELLI";4
402;"2026/2";"Other";3;"ATE";1
402;"2026/2";"Other";30;"BOSCH";2
402;"2026/2";"Germany";3720;"AutoTechteile";1
402;"2026/2";"Romania";4657;"ABAKUS";5
402;"2026/2";"Serbia";6999;"CIDAK";1
402;"2026/2";"Romania";129;"OPTIMAL";2
402;"2026/2";"Other";30;"BOSCH";12
402;"2026/2";"EEU";129;"OPTIMAL";2
402;"2026/2";"Other";30;"BOSCH";1
402;"2026/2";"Other";3;"ATE";6
402;"2026/2";"Other";4675;"STARLINE";1
402;"2026/2";"Other";65;"BREMBO";4
402;"2026/2";"Austria";4675;"STARLINE";7
402;"2026/2";"EEU";350;"BLUE PRINT";383
402;"2026/2";"Nordic";350;"BLUE PRINT";304
402;"2026/2";"West Europe";39;"TEXTAR";1538
402;"2026/2";"EEU";3;"ATE";787
402;"2026/2";"Germany";54;"FTE";615
402;"2026/2";"N";30;"BOSCH";10550
402;"2026/2";"Portugal";6473;"NAPA";1038
402;"2026/2";"Nordic";4587;"DANAHER";1489
402;"2026/2";"Germany";108;"TRISCAN";3698
402;"2026/2";"EEU";4821;"QUARO";44624
402;"2026/2";"N";4821;"QUARO";2199
402;"2026/2";"Germany";86;"ZIMMERMANN";5128
402;"2026/2";"Austria";65;"BREMBO";49333
402;"2026/2";"Germany";4373;"BENDIX Braking";10
402;"2026/2";"Germany";21;"VALEO";233
402;"2026/2";"EEU";161;"TRW";993
402;"2026/2";"Germany";3191;"Augustin Group";4
402;"2026/2";"SEE";153;"REMSA";4
402;"2026/2";"Nordic";403;"MAXGEAR";5811
402;"2026/2";"SEE";366;"WOKING";495
402;"2026/2";"EEU";403;"MAXGEAR";788
402;"2026/2";"Slovenia";197;"LPR";2155
402;"2026/2";"Other";3;"ATE";1427
402;"2026/2";"Other";65;"BREMBO";576
402;"2026/2";"Croatia";197;"LPR";7992
402;"2026/2";"Slovenia";3;"ATE";7528
402;"2026/2";"EEU";197;"LPR";105
402;"2026/2";"B";30;"BOSCH";5438
402;"2026/2";"N";39;"TEXTAR";1975
402;"2026/2";"Other";197;"LPR";54
402;"2026/2";"Balkan";21;"VALEO";56
402;"2026/2";"Balkan";50;"SKF";16
402;"2026/2";"Balkan";156;"JAPANPARTS";67
402;"2026/2";"Balkan";39;"TEXTAR";5393
402;"2026/2";"West Europe";4675;"STARLINE";611
402;"2026/2";"ROW";152;"ROADHOUSE";3196
402;"2026/2";"B";144;"MEYLE";4372
402;"2026/2";"West Europe";2789;"NAPA Germany";21
402;"2026/2";"West Europe";6985;"JPN";261
402;"2026/2";"Slovenia";350;"BLUE PRINT";248
402;"2026/2";"Serbia";421;"COMLINE";1162
402;"2026/2";"SEE";257;"ASHIKA";11
402;"2026/2";"Nordic";43;"CHAMPION";127
402;"2026/2";"Austria";156;"JAPANPARTS";103
402;"2026/2";"EEU";4821;"QUARO";129
402;"2026/2";"Germany";171;"Motorcraft";4
402;"2026/2";"Balkan";403;"MAXGEAR";194
402;"2026/2";"Balkan";101;"FEBI BILSTEIN";18
402;"2026/2";"Romania";403;"MAXGEAR";1273
402;"2026/2";"Croatia";30;"BOSCH";2906
402;"2026/2";"Other";62;"FERODO";16
402;"2026/2";"Portugal";151;"SWAG";45
402;"2026/2";"Nordic";403;"MAXGEAR";395
402;"2026/2";"SEE";55;"HERTH+BUSS JAKOPARTS";91
402;"2026/2";"Slovenia";144;"MEYLE";226
402;"2026/2";"SEE";39;"TEXTAR";91
402;"2026/2";"Switzerland";403;"MAXGEAR";1150
402;"2026/2";"Nordic";65;"BREMBO";37
402;"2026/2";"Croatia";4821;"QUARO";483
402;"2026/2";"EEU";161;"TRW";576
402;"2026/2";"EEU";403;"MAXGEAR";455
402;"2026/2";"Germany";6368;"EBC Brakes";7
402;"2026/2";"Balkan";48;"JURID";5
402;"2026/2";"Other";62;"FERODO";17
402;"2026/2";"West Europe";4975;"AP XENERGY";88
402;"2026/2";"Austria";378;"OPEN PARTS";203
402;"2026/2";"Germany";2112;"OE-FIT Schäferbarthold";106
402;"2026/2";"Slovenia";403;"MAXGEAR";74
402;"2026/2";"West Europe";55;"HERTH+BUSS JAKOPARTS";94
402;"2026/2";"West Europe";2;"HELLA";5
402;"2026/2";"Other";3;"ATE";2
402;"2026/2";"Switzerland";108;"TRISCAN";11
402;"2026/2";"Germany";409;"FREMAX";223
402;"2026/2";"ROW";55;"HERTH+BUSS JAKOPARTS";1
402;"2026/2";"Other";161;"TRW";56
402;"2026/2";"Nordic";144;"MEYLE";8
402;"2026/2";"Nordic";403;"MAXGEAR";158
402;"2026/2";"Croatia";264;"BERAL";25
402;"2026/2";"Other";62;"FERODO";7
402;"2026/2";"SEE";39;"TEXTAR";15
402;"2026/2";"Other";55;"HERTH+BUSS JAKOPARTS";14
402;"2026/2";"Germany";6473;"NAPA";27
402;"2026/2";"Nordic";89;"DELPHI";63
402;"2026/2";"Germany";4564;"MOTAQUIP";10
402;"2026/2";"Other";257;"ASHIKA";5
402;"2026/2";"Other";62;"FERODO";1
402;"2026/2";"Romania";65;"BREMBO";7924
402;"2026/2";"Austria";358;"MASTER-SPORT GERMANY";1
402;"2026/2";"Nordic";409;"FREMAX";155
402;"2026/2";"Romania";156;"JAPANPARTS";2
402;"2026/2";"Serbia";185;"KAMOKA";6
402;"2026/2";"Croatia";248;"NIPPARTS";3
402;"2026/2";"West Europe";4869;"RED-LINE";26
402;"2026/2";"Other";101;"FEBI BILSTEIN";1
402;"2026/2";"Other";161;"TRW";2
402;"2026/2";"Croatia";48;"JURID";224
402;"2026/2";"SEE";185;"KAMOKA";10
402;"2026/2";"SEE";3;"ATE";21
402;"2026/2";"EEU";350;"BLUE PRINT";2
402;"2026/2";"Nordic";6983;"ProfiPower";17
402;"2026/2";"Spain";3;"ATE";114
402;"2026/2";"Other";39;"TEXTAR";1
402;"2026/2";"West Europe";30;"BOSCH";367
402;"2026/2";"Switzerland";21;"VALEO";8
402;"2026/2";"EEU";86;"ZIMMERMANN";1
402;"2026/2";"Balkan";86;"ZIMMERMANN";2
402;"2026/2";"SEE";4986;"FERODO RACING";2
402;"2026/2";"Nordic";500;"GALFER";2
402;"2026/2";"Portugal";62;"FERODO";7
402;"2026/2";"Other";3;"ATE";11
402;"2026/2";"Germany";4380;"Omnicraft";2
402;"2026/2";"EEU";281;"BRECK";2
402;"2026/2";"Balkan";101;"FEBI BILSTEIN";112
402;"2026/2";"Balkan";121;"METELLI";62
402;"2026/2";"Other";65;"BREMBO";3
402;"2026/2";"SEE";55;"HERTH+BUSS JAKOPARTS";20
402;"2026/2";"West Europe";21;"VALEO";6
402;"2026/2";"Other";65;"BREMBO";1
402;"2026/2";"Croatia";185;"KAMOKA";1
402;"2026/2";"Nordic";156;"JAPANPARTS";1
402;"2026/2";"Other";197;"LPR";5
402;"2026/2";"SEE";4821;"QUARO";9
402;"2026/2";"SEE";529;"SAUER QUALITY PARTS";1
402;"2026/2";"EEU";6368;"EBC Brakes";1
402;"2026/2";"Germany";500;"GALFER";1
402;"2026/2";"Other";62;"FERODO";2
402;"2026/2";"Slovenia";349;"MERITOR";5
402;"2026/2";"Germany";4495;"AUGER";2
402;"2026/2";"Nordic";185;"KAMOKA";1
402;"2026/2";"Other";144;"MEYLE";3
402;"2026/2";"Other";62;"FERODO";14
402;"2026/2";"Other";30;"BOSCH";133
402;"2026/2";"Serbia";121;"METELLI";366
402;"2026/2";"Romania";55;"HERTH+BUSS JAKOPARTS";1357
402;"2026/2";"Other";3;"ATE";145
402;"2026/2";"West Europe";127;"NK";354
402;"2026/2";"Other";4872;"BREMSI";104
402;"2026/2";"West Europe";127;"NK";1110
402;"2026/2";"Austria";3809;"KNORR-BREMSE";11
402;"2026/2";"Serbia";4872;"BREMSI";11759
402;"2026/2";"Switzerland";12;"PAGID";781
402;"2026/2";"Romania";197;"LPR";1
402;"2026/2";"Switzerland";48;"JURID";45
402;"2026/2";"Slovenia";12;"PAGID";2
402;"2026/2";"Other";4364;"ACKOJA";2
402;"2026/2";"Spain";121;"METELLI";3
402;"2026/2";"Germany";5627;"ALTE AUTOMOTIVE";3
402;"2026/2";"Other";94;"METZGER";6
402;"2026/2";"Balkan";48;"JURID";37
402;"2026/2";"EEU";421;"COMLINE";1
402;"2026/2";"Balkan";43;"CHAMPION";11
402;"2026/2";"Other";144;"MEYLE";7
402;"2026/2";"Switzerland";54;"FTE";2
402;"2026/2";"Other";65;"BREMBO";5
402;"2026/2";"Other";127;"NK";1
402;"2026/2";"Serbia";129;"OPTIMAL";8
402;"2026/2";"ROW";65;"BREMBO";1
402;"2026/2";"N";199;"TRUSTING";2
402;"2026/2";"Serbia";156;"JAPANPARTS";6
402;"2026/2";"Other";3;"ATE";1
402;"2026/2";"SEE";89;"DELPHI";13
402;"2026/2";"SEE";4872;"BREMSI";1
402;"2026/2";"Other";65;"BREMBO";2
402;"2026/2";"Other";4595;"STELLOX";1
402;"2026/2";"Balkan";57;"QUINTON HAZELL";1
402;"2026/2";"Other";814;"REMANTE";11
402;"2026/2";"SEE";206;"A.B.S.";4
402;"2026/2";"Nordic";127;"NK";953
402;"2026/2";"Other";3;"ATE";10
402;"2026/2";"West Europe";3809;"KNORR-BREMSE";2
402;"2026/2";"Nordic";225;"SCT - MANNOL";80
402;"2026/2";"Nordic";378;"OPEN PARTS";54
402;"2026/2";"B";21;"VALEO";3
402;"2026/2";"Romania";95;"MAGNETI MARELLI";2
402;"2026/2";"EEU";101;"FEBI BILSTEIN";4
402;"2026/2";"West Europe";197;"LPR";3
402;"2026/2";"SEE";48;"JURID";2
402;"2026/2";"Other";3;"ATE";2
402;"2026/2";"Other";101;"FEBI BILSTEIN";2
402;"2026/2";"Nordic";48;"JURID";1
402;"2026/2";"Germany";6265;"Hi-Q";1
402;"2026/2";"EEU";4657;"ABAKUS";1
402;"2026/2";"Other";3;"ATE";1
402;"2026/2";"EEU";129;"OPTIMAL";1
402;"2026/2";"Other";161;"TRW";2
402;"2026/2";"West Europe";129;"OPTIMAL";1
402;"2026/2";"West Europe";62;"FERODO";1
402;"2026/2";"Germany";-1;"Eigenmarken";46078
402;"2026/2";"ROW";-1;"Eigenmarken";54707
402;"2026/2";"Other";-1;"Eigenmarken";20
402;"2026/2";"Other";-1;"Eigenmarken";25
402;"2026/2";"Other";-1;"Eigenmarken";1
402;"2026/2";"SEE";-1;"Eigenmarken";24989
402;"2026/2";"Croatia";-1;"Eigenmarken";5610
402;"2026/2";"Nordic";-1;"Eigenmarken";48
402;"2026/2";"Switzerland";-1;"Eigenmarken";358
402;"2026/2";"Other";-1;"Eigenmarken";3
402;"2026/2";"EEU";-1;"Eigenmarken";1740
402;"2026/2";"West Europe";-1;"Eigenmarken";801
402;"2026/2";"Other";-1;"Eigenmarken";3
402;"2026/2";"Other";-1;"Eigenmarken";1492
402;"2026/2";"ROW";-1;"Eigenmarken";1554
402;"2026/2";"Other";-1;"Eigenmarken";1
402;"2026/2";"Nordic";-1;"Eigenmarken";2020
402;"2026/2";"Other";-1;"Eigenmarken";12
402;"2026/2";"Other";-1;"Eigenmarken";2
402;"2026/2";"Other";-1;"Eigenmarken";71
402;"2026/2";"Other";-1;"Eigenmarken";10
402;"2026/2";"Other";-1;"Eigenmarken";12
402;"2026/2";"Other";-1;"Eigenmarken";1
402;"2026/2";"EEU";-1;"Eigenmarken";1
402;"2026/2";"Slovenia";-1;"Eigenmarken";1061
402;"2026/2";"Spain";-1;"Eigenmarken";749
402;"2026/2";"West Europe";-1;"Eigenmarken";1716
402;"2026/2";"West Europe";-1;"Eigenmarken";13
402;"2026/2";"West Europe";-1;"Eigenmarken";101
402;"2026/2";"Other";-1;"Eigenmarken";11
402;"2026/2";"Other";-1;"Eigenmarken";22
402;"2026/2";"Other";-1;"Eigenmarken";60
402;"2026/2";"Other";-1;"Eigenmarken";1
402;"2026/2";"Other";-1;"Eigenmarken";8
402;"2026/2";"EEU";-1;"Eigenmarken";160
402;"2026/2";"SEE";-1;"Eigenmarken";3155
402;"2026/2";"B";-1;"Eigenmarken";1392
402;"2026/2";"Balkan";-1;"Eigenmarken";4205
402;"2026/2";"EEU";-1;"Eigenmarken";14
402;"2026/2";"SEE";-1;"Eigenmarken";2
402;"2026/2";"Other";-1;"Eigenmarken";2
402;"2026/2";"Nordic";-1;"Eigenmarken";9323
402;"2026/2";"SEE";-1;"Eigenmarken";12
402;"2026/2";"Austria";-1;"Eigenmarken";12920
402;"2026/2";"N";-1;"Eigenmarken";226
402;"2026/2";"EEU";-1;"Eigenmarken";22
402;"2026/2";"Portugal";-1;"Eigenmarken";197
402;"2026/2";"Nordic";-1;"Eigenmarken";66
402;"2026/2";"Serbia";-1;"Eigenmarken";7163
402;"2026/2";"West Europe";-1;"Eigenmarken";355
402;"2026/2";"Nordic";-1;"Eigenmarken";3099
402;"2026/2";"Nordic";-1;"Eigenmarken";9
402;"2026/2";"Other";-1;"Eigenmarken";35
402;"2026/2";"Other";-1;"Eigenmarken";2
402;"2026/2";"Romania";-1;"Eigenmarken";22938
402;"2026/2";"Balkan";-1;"Eigenmarken";318
402;"2026/2";"Other";-1;"Eigenmarken";113
402;"2026/2";"Other";-1;"Eigenmarken";1
402;"2026/2";"Other";-1;"Eigenmarken";121
402;"2026/2";"Other";-1;"Eigenmarken";10
402;"2026/2";"Nordic";-1;"Eigenmarken";2
